Image,Azure,AWS,GCP,Label
bill_eye.jpg,,,,Close-up
,cat (98.66% confidence),Drawing (98.00% Confidence),Elephant (96.93% confidence),
,animal (98.01% confidence),Parents:,Skin (96.50% confidence),
,sketch (96.79% confidence),Art,Close-up (94.74% confidence),
,drawing (96.03% confidence),Art (98.00% Confidence),Eye (94.48% confidence),
,reptile (94.35% confidence),Sketch (93.73% Confidence),Wrinkle (93.47% confidence),
,,Parents:,Elephants and Mammoths (91.34% confidence),
,,Drawing,Nose (84.20% confidence),
,,Art,Organ (83.25% confidence),
,,,,
,,,,
bird_on_sidewalk.jpg,,,,Multiple Different Objects
,grass (99.99% confidence),Path (99.68% Confidence),Grass (95.82% confidence),
,outdoor (99.99% confidence),Walkway (98.80% Confidence),Lawn (89.51% confidence),
,ground (98.48% confidence),Parents:,Grass family (80.71% confidence),
,plant (91.05% confidence),Path,Shadow (79.75% confidence),
,sidewalk (82.69% confidence),Bird (98.63% Confidence),Asphalt (78.37% confidence),
,walkway (16.62% confidence),Parents:,Road surface (73.28% confidence),
,curb (9.10% confidence),Animal,Sidewalk (69.33% confidence),
,,Animal (98.63% Confidence),Path (69.17% confidence),
,,Pavement (91.29% Confidence),Tree (68.69% confidence),
,,Parents:,Walkway (67.54% confidence),
,,Path,,
,,Sidewalk (91.29% Confidence),,
,,Parents:,,
,,Path,,
,,Roof (73.85% Confidence),,
,,Slate (68.36% Confidence),,
,,Grass (59.50% Confidence),,
,,Parents:,,
,,Plant,,
,,Plant (59.50% Confidence),,
,,Cobblestone (56.07% Confidence),,
,,Parents:,,
,,Path,,
,,Walkway,,
,,Sidewalk,,
cake.jpg,,,,Close-up
,table (99.89% confidence),Plant (92.10% Confidence),Food (82.71% confidence),
,christmas tree (88.91% confidence),Dessert (85.70% Confidence),Cake (81.78% confidence),
,plate (87.73% confidence),Parents:,Cuisine (78.64% confidence),
,decoration (85.09% confidence),Food,Dessert (75.25% confidence),
,slice (61.28% confidence),Cake (85.70% Confidence),Chocolate cake (73.45% confidence),
,christmas (60.48% confidence),Parents:,Petit four (69.41% confidence),
,sliced (25.45% confidence),Dessert,Dish (67.61% confidence),
,,Food,Baked goods (61.26% confidence),
,,Food (85.70% Confidence),Recipe (60.01% confidence),
,,Birthday Cake (85.70% Confidence),Torte (54.55% confidence),
,,Parents:,,
,,Dessert,,
,,Cake,,
,,Food,,
,,Candle (84.60% Confidence),,
,,Fork (76.45% Confidence),,
,,Parents:,,
,,Cutlery,,
,,Cutlery (76.45% Confidence),,
,,Egg (75.32% Confidence),,
,,Parents:,,
,,Food,,
,,Fungus (62.48% Confidence),,
,,Torte (60.34% Confidence),,
,,Parents:,,
,,Dessert,,
,,Cake,,
,,Food,,
,,Agaric (59.45% Confidence),,
,,Parents:,,
,,Plant,,
,,Fungus,,
,,Mushroom,,
,,Mushroom (59.45% Confidence),,
,,Parents:,,
,,Plant,,
,,Fungus,,
camera.jpg,,,,Multiple Different
,text (94.09% confidence),Electronics (97.28% Confidence),Cameras & optics (95.94% confidence),
,map (87.90% confidence),Camera (93.76% Confidence),Camera (94.76% confidence),
,,Parents:,Electronics (94.69% confidence),
,,Electronics,Technology (85.39% confidence),
,,GPS (84.33% Confidence),Digital camera (82.84% confidence),
,,Parents:,Electronic device (81.64% confidence),
,,Electronics,Screen (78.17% confidence),
,,Monitor (79.70% Confidence),Gps navigation device (77.23% confidence),
,,Parents:,Camera accessory (72.89% confidence),
,,Electronics,Automotive navigation system (68.18% confidence),
,,Screen,,
,,Screen (79.70% Confidence),,
,,Parents:,,
,,Electronics,,
,,Display (79.70% Confidence),,
,,Parents:,,
,,Electronics,,
,,Screen,,
,,Mobile Phone (71.10% Confidence),,
,,Parents:,,
,,Phone,,
,,Electronics,,
,,Cell Phone (71.10% Confidence),,
,,Parents:,,
,,Phone,,
,,Electronics,,
,,Phone (71.10% Confidence),,
,,Parents:,,
,,Electronics,,
,,Video Camera (64.88% Confidence),,
,,Parents:,,
,,Camera,,
,,Electronics,,
,,Digital Camera (56.19% Confidence),,
,,Parents:,,
,,Camera,,
,,Electronics,,
cartoon_face.jpg,,,,Cartoons
,text (95.71% confidence),Head (97.14% Confidence),Face (97.17% confidence),
,cartoon (94.50% confidence),Hair (93.30% Confidence),Cartoon (95.86% confidence),
,drawing (90.10% confidence),Black Hair (93.30% Confidence),Eyebrow (88.58% confidence),
,child art (81.85% confidence),Parents:,Head (87.62% confidence),
,painting (80.36% confidence),Hair,Forehead (87.55% confidence),
,sketch (74.93% confidence),Art (93.16% Confidence),Cheek (83.80% confidence),
,,Person (75.50% Confidence),Chin (82.75% confidence),
,,Human (75.50% Confidence),Black hair (71.52% confidence),
,,Label (57.33% Confidence),Jaw (63.02% confidence),
,,Parents:,Smile (54.04% confidence),
,,Text,,
,,Text (57.33% Confidence),,
corn.png,,,,
,orange (92.49% confidence),Plant (97.12% Confidence),Orange (81.77% confidence),
,outdoor (89.15% confidence),Food (88.52% Confidence),,
,outdoor object (33.00% confidence),Fruit (88.52% Confidence),,
,several (12.55% confidence),Parents:,,
,colored (10.15% confidence),Food,,
,,Plant,,
,,Pineapple (63.04% Confidence),,
,,Parents:,,
,,Food,,
,,Plant,,
,,Fruit,,
gryphon_statue_group_picture.png,,,,Multiple Different
,outdoor (99.95% confidence),Human (99.85% Confidence),Statue (96.80% confidence),
,sky (99.95% confidence),Person (99.85% Confidence),Sculpture (92.89% confidence),
,tree (99.73% confidence),Shoe (98.69% Confidence),Monument (86.52% confidence),
,clothing (94.84% confidence),Parents:,Tourism (79.41% confidence),
,person (92.82% confidence),Footwear,Leisure (75.98% confidence),
,footwear (86.99% confidence),Clothing,Vacation (73.13% confidence),
,man (83.30% confidence),Clothing (98.69% Confidence),Art (70.89% confidence),
,sculpture (80.19% confidence),Apparel (98.69% Confidence),Tree (68.69% confidence),
,jeans (76.41% confidence),Footwear (98.69% Confidence),Recreation (59.43% confidence),
,woman (68.05% confidence),Parents:,Park (54.11% confidence),
,statue (59.69% confidence),Clothing,,
,stone (15.05% confidence),Pants (96.40% Confidence),,
,,Parents:,,
,,Clothing,,
,,Tree (91.95% Confidence),,
,,Parents:,,
,,Plant,,
,,Plant (91.95% Confidence),,
,,Abies (90.69% Confidence),,
,,Parents:,,
,,Tree,,
,,Plant,,
,,Fir (90.69% Confidence),,
,,Parents:,,
,,Tree,,
,,Plant,,
,,Mammal (89.00% Confidence),,
,,Parents:,,
,,Animal,,
,,Elephant (89.00% Confidence),,
,,Parents:,,
,,Animal,,
,,Mammal,,
,,Wildlife,,
,,Animal (89.00% Confidence),,
,,Wildlife (89.00% Confidence),,
,,Parents:,,
,,Animal,,
,,Inflatable (82.15% Confidence),,
,,Conifer (78.15% Confidence),,
,,Parents:,,
,,Tree,,
,,Plant,,
,,Jeans (70.45% Confidence),,
,,Parents:,,
,,Clothing,,
,,Pants,,
,,Denim (70.45% Confidence),,
,,Parents:,,
,,Clothing,,
,,Pants,,
,,Building (68.54% Confidence),,
,,Architecture (68.54% Confidence),,
,,Parents:,,
,,Building,,
,,Art (59.08% Confidence),,
,,Sculpture (59.08% Confidence),,
,,Parents:,,
,,Art,,
horse_rider_accident.jpg,,,,Disttorted
,outdoor (97.55% confidence),Human (99.04% Confidence),Stunt performer (74.96% confidence),
,text (97.41% confidence),Person (99.04% Confidence),Soil (69.82% confidence),
,jumping (54.40% confidence),Nature (92.15% Confidence),Tree (68.69% confidence),
,,Outdoors (91.15% Confidence),Competition event (56.94% confidence),
,,People (87.51% Confidence),Games (52.12% confidence),
,,Parents:,,
,,Person,,
,,Clothing (84.76% Confidence),,
,,Apparel (84.76% Confidence),,
,,Soil (75.01% Confidence),,
,,Symbol (73.56% Confidence),,
,,Arrow (73.56% Confidence),,
,,Parents:,,
,,Symbol,,
,,Countryside (73.06% Confidence),,
,,Parents:,,
,,Outdoors,,
,,Nature,,
,,Land (72.80% Confidence),,
,,Parents:,,
,,Outdoors,,
,,Nature,,
,,Animal (71.50% Confidence),,
,,Face (68.55% Confidence),,
,,Parents:,,
,,Person,,
,,Mammal (64.11% Confidence),,
,,Parents:,,
,,Animal,,
,,Horse (62.67% Confidence),,
,,Parents:,,
,,Mammal,,
,,Animal,,
,,Field (62.65% Confidence),,
,,Water (61.41% Confidence),,
,,Hunting (59.16% Confidence),,
,,Parents:,,
,,Person,,
,,Team (57.77% Confidence),,
,,Parents:,,
,,People,,
,,Person,,
,,Team Sport (57.77% Confidence),,
,,Parents:,,
,,Team,,
,,Sport,,
,,People,,
,,Person,,
,,Polo (57.77% Confidence),,
,,Parents:,,
,,Person,,
,,Equestrian,,
,,People,,
,,Team,,
,,Sport,,
,,Team Sport,,
,,Animal,,
,,Mammal,,
,,Horse,,
,,Equestrian (57.77% Confidence),,
,,Parents:,,
,,Mammal,,
,,Horse,,
,,Animal,,
,,Person,,
,,Sports (57.77% Confidence),,
,,Parents:,,
,,Person,,
,,Sport (57.77% Confidence),,
,,Parents:,,
,,Person,,
,,Rural (56.16% Confidence),,
,,Parents:,,
,,Outdoors,,
,,Nature,,
,,Countryside,,
,,Ice (55.82% Confidence),,
,,Parents:,,
,,Outdoors,,
,,Nature,,
,,Leisure Activities (55.38% Confidence),,
,,,,
hotdog_beer.jpg,,,,Multiple Different
,cup (99.99% confidence),Beverage (97.34% Confidence),Drink (96.27% confidence),
,soft drink (99.82% confidence),Drink (97.34% Confidence),Food (92.74% confidence),
,cocktail (99.06% confidence),Alcohol (97.04% Confidence),Non-alcoholic beverage (91.19% confidence),
,table (98.03% confidence),Parents:,Batida (86.17% confidence),
,juice (97.47% confidence),Beverage,Alcoholic beverage (78.83% confidence),
,food (96.42% confidence),Beer (96.07% Confidence),Beer cocktail (76.27% confidence),
,beverage (93.22% confidence),Parents:,Juice (73.50% confidence),
,coffee (91.75% confidence),Alcohol,Distilled beverage (72.66% confidence),
,drink (88.86% confidence),Beverage,Bay breeze (72.14% confidence),
,glass (86.08% confidence),,Ingredient (70.07% confidence),
,beer (84.97% confidence),,,
,cocktail garnish (81.31% confidence),,,
,classic cocktail (77.05% confidence),,,
,non-alcoholic beverage (75.97% confidence),,,
,sour (74.41% confidence),,,
,beer glass (73.95% confidence),,,
,paradise (73.30% confidence),,,
,pint glass (70.75% confidence),,,
,fizz (70.65% confidence),,,
,alcoholic beverage (69.91% confidence),,,
,zombie (67.45% confidence),,,
,wheat beer (66.52% confidence),,,
,pint (65.26% confidence),,,
,fuzzy navel (64.91% confidence),,,
,punch (64.65% confidence),,,
,orange drink (64.35% confidence),,,
,long island iced tea (62.81% confidence),,,
,highball glass (62.10% confidence),,,
,aguas frescas (59.91% confidence),,,
,planter's punch (57.85% confidence),,,
,beer cocktail (57.73% confidence),,,
,highball (57.68% confidence),,,
,harvey wallbanger (56.82% confidence),,,
,drinking straw (56.36% confidence),,,
,bellini (56.26% confidence),,,
,tom collins (55.80% confidence),,,
,mai tai (55.20% confidence),,,
,painkiller (54.22% confidence),,,
,agua de valencia (53.79% confidence),,,
,daiquiri (53.73% confidence),,,
,bloody mary (53.28% confidence),,,
,apple cider (52.12% confidence),,,
,bia hi (52.02% confidence),,,
,lager (51.17% confidence),,,
,aparitif (51.10% confidence),,,
,rum swizzle (51.02% confidence),,,
,greyhound (50.87% confidence),,,
,screwdriver (50.83% confidence),,,
,alcohol (35.10% confidence),,,
,fruit drink (32.71% confidence),,,
,,,,
jellyfish.jpg,,,,Distorted
,reef (99.68% confidence),Fungus (97.32% Confidence),Nature (95.35% confidence),
,marine invertebrates (97.88% confidence),Sea Life (94.69% Confidence),Mushroom (92.61% confidence),
,aquarium (96.78% confidence),Parents:,Fungus (91.03% confidence),
,fish (86.56% confidence),Animal,Organism (87.41% confidence),
,fungus (80.98% confidence),Animal (94.69% Confidence),Agaricaceae (87.15% confidence),
,organism (74.35% confidence),Invertebrate (92.89% Confidence),Agaricomycetes (83.81% confidence),
,animal (66.84% confidence),Parents:,Edible mushroom (82.00% confidence),
,underwater (65.58% confidence),Animal,Water (80.73% confidence),
,invertebrate (62.87% confidence),Jellyfish (57.43% Confidence),Wildlife (78.65% confidence),
,marine biology (61.25% confidence),Parents:,Terrestrial animal (74.44% confidence),
,mushroom (57.52% confidence),Invertebrate,,
,,Sea Life,,
,,Animal,,
shiny_legs.png,,,,Distorted
,nail (89.54% confidence),Skin (99.96% Confidence),Skin (95.96% confidence),
,finger (70.70% confidence),Heel (99.13% Confidence),Leg (89.54% confidence),
,vein (68.53% confidence),Person (85.01% Confidence),Tan (89.44% confidence),
,toe (67.62% confidence),Human (85.01% Confidence),Thigh (88.99% confidence),
,hand (62.32% confidence),,Finger (87.41% confidence),
,limb (58.74% confidence),,Nail (86.14% confidence),
,feet (28.97% confidence),,Joint (85.65% confidence),
,,,Human leg (84.89% confidence),
,,,Knee (81.03% confidence),
,,,Close-up (78.43% confidence),